{"AUT": {"similarity": 0.0018479201}, "BEL": {"similarity": 0.0018479201}, "BGR": {"similarity": 0.0018479201}, "HRV": {"similarity": 0.0018479201}, "CYP": {"similarity": 0.0018479201}, "CZE": {"similarity": 0.0018479201}, "DNK": {"similarity": 0.0018479201}, "EST": {"similarity": 0.0018479201}, "FIN": {"similarity": 0.0018479201}, "FRA": {"similarity": 0.0018479201}, "DEU": {"similarity": 0.0018479201}, "GRC": {"similarity": 0.0018479201}, "HUN": {"similarity": 0.0018479201}, "IRL": {"similarity": 0.0018479201}, "ITA": {"similarity": 0.0018479201}, "LVA": {"similarity": 0.0018479201}, "LTU": {"similarity": 0.0018479201}, "LUX": {"similarity": 0.0018479201}, "MLT": {"similarity": 0.0018479201}, "NLD": {"similarity": 0.0018479201}, "POL": {"similarity": 0.0018479201}, "PRT": {"similarity": 0.0018479201}, "ROU": {"similarity": 0.0018479201}, "SVK": {"similarity": 0.0018479201}, "SVN": {"similarity": 0.0018479201}, "ESP": {"similarity": 0.0018479201}, "SWE": {"similarity": 0.0018479201}, "GBR": {"similarity": 0.0018479201}, "ISL": {"similarity": 0.0018479201}, "LIE": {"similarity": 0.0018479201}, "NOR": {"similarity": 0.0018479201}, "IND": {"similarity": 0.0}, "IRQ": {"similarity": 0.0}, "PAK": {"similarity": 0.000353857}, "RUS": {"similarity": 0.000353857}, "SAU": {"similarity": 0.0033813006}, "ARE": {"similarity": 0.0045608241}}