{"AUT": {"similarity": 0.0496579382}, "BEL": {"similarity": 0.0496579382}, "BGR": {"similarity": 0.0496579382}, "HRV": {"similarity": 0.0496579382}, "CZE": {"similarity": 0.0496579382}, "DNK": {"similarity": 0.0496579382}, "EST": {"similarity": 0.0496579382}, "FIN": {"similarity": 0.0496579382}, "FRA": {"similarity": 0.0496579382}, "DEU": {"similarity": 0.0496579382}, "GRC": {"similarity": 0.0496579382}, "HUN": {"similarity": 0.0496579382}, "IRL": {"similarity": 0.0496579382}, "ITA": {"similarity": 0.0496579382}, "LVA": {"similarity": 0.0496579382}, "LTU": {"similarity": 0.0496579382}, "LUX": {"similarity": 0.0496579382}, "MLT": {"similarity": 0.0496579382}, "NLD": {"similarity": 0.0496579382}, "POL": {"similarity": 0.0496579382}, "PRT": {"similarity": 0.0496579382}, "ROU": {"similarity": 0.0496579382}, "SVK": {"similarity": 0.0496579382}, "SVN": {"similarity": 0.0496579382}, "ESP": {"similarity": 0.0496579382}, "SWE": {"similarity": 0.0496579382}, "GBR": {"similarity": 0.0496579382}, "ISL": {"similarity": 0.0496579382}, "LIE": {"similarity": 0.0496579382}, "NOR": {"similarity": 0.0496579382}, "CHN": {"similarity": 0.0018479201}, "IND": {"similarity": 0.0}, "IRQ": {"similarity": 0.0}, "PAK": {"similarity": 0.0}, "RUS": {"similarity": 0.0}, "SAU": {"similarity": 0.0}, "ARE": {"similarity": 0.0001179523}}