{"AUT": {"similarity": 0.0001179523}, "BEL": {"similarity": 0.0001179523}, "BGR": {"similarity": 0.0001179523}, "HRV": {"similarity": 0.0001179523}, "CYP": {"similarity": 0.0001179523}, "CZE": {"similarity": 0.0001179523}, "DNK": {"similarity": 0.0001179523}, "EST": {"similarity": 0.0001179523}, "FIN": {"similarity": 0.0001179523}, "FRA": {"similarity": 0.0001179523}, "DEU": {"similarity": 0.0001179523}, "GRC": {"similarity": 0.0001179523}, "HUN": {"similarity": 0.0001179523}, "IRL": {"similarity": 0.0001179523}, "ITA": {"similarity": 0.0001179523}, "LVA": {"similarity": 0.0001179523}, "LTU": {"similarity": 0.0001179523}, "LUX": {"similarity": 0.0001179523}, "MLT": {"similarity": 0.0001179523}, "NLD": {"similarity": 0.0001179523}, "POL": {"similarity": 0.0001179523}, "PRT": {"similarity": 0.0001179523}, "ROU": {"similarity": 0.0001179523}, "SVK": {"similarity": 0.0001179523}, "SVN": {"similarity": 0.0001179523}, "ESP": {"similarity": 0.0001179523}, "SWE": {"similarity": 0.0001179523}, "GBR": {"similarity": 0.0001179523}, "ISL": {"similarity": 0.0001179523}, "LIE": {"similarity": 0.0001179523}, "NOR": {"similarity": 0.0001179523}, "CHN": {"similarity": 0.0045608241}, "IND": {"similarity": 0.0001572698}, "IRQ": {"similarity": 7.86349e-05}, "PAK": {"similarity": 0.0024769993}, "RUS": {"similarity": 0.0009829362}, "SAU": {"similarity": 0.0016120154}}